{"questions":{"3706496944":{"q_a":"ESRGUYVU","q_b":"ZEYGIVUH","q_c":"W6Z4EDXR BHPI","q_d":"ZWS4XED57CR68TVYOBP","q_question":"XESRDTFVGBYHNJIMPOK","q_rationale":"85F7T90UICBIUNM H","q_answer":"D","q_uid":"3706496944","course":"BSECE","subject":"Electronics Systems and Technologies","topic":"Satellite , Broadcasting and Cable TV Systems","difficulty":"Hard","keywords":"keyword","isPublished":"false","q_imagePath":"C:\\Users\\Serasel\\Documents\\NetBeansProjects\\EagleAdminDesktop\\Eagle\\questions\\3706496944.jpg"},"4463780089":{"q_a":"1","q_b":"2","q_c":"3","q_d":"4","q_question":"What is 1 + 3 \u003d ?","q_rationale":"1 + 3 \u003d 4","q_answer":"D","q_uid":"4463780089","course":"BSECE","subject":"Mathematics","topic":"Algebra","difficulty":"Easy","keywords":"Arithmetic, Algebra, Addition","isPublished":"true"},"3811584896":{"q_a":"A","q_b":"B","q_c":"C","q_d":"D","q_question":"Question","q_rationale":"Rationale","q_answer":"A","q_uid":"3811584896","course":"BSECE","subject":"Electronics Engineering","topic":"Electronic (Audio/RF) Circuit/Analysis/Design Cells and batteries","difficulty":"Hard","keywords":"KEYWORD","isPublished":"true","q_imagePath":"C:\\\\Users\\\\Serasel\\\\Pictures\\\\dumpster\\\\capybara_2-1.jpg"},"0657730219":{"q_a":"tyedxjnr","q_b":" 6tr","q_c":"esyw34ayt","q_d":"ytsr ey5eyha5e","q_question":"qwearibj","q_rationale":" reawrtfawet5eu","q_answer":"C","q_uid":"0657730219","course":"BSECE","subject":"Electronics Systems and Technologies","topic":"Radio Communication System","difficulty":"Medium","keywords":"tewtr","isPublished":"false","q_imagePath":"C:\\Users\\Serasel\\Documents\\NetBeansProjects\\EagleAdminDesktop\\Eagle\\questions\\0657730219.jpg"}}}