{"questions":{"4463780089":{"q_a":"1","q_b":"2","q_c":"3","q_d":"4","q_question":"What is 1 + 3 \u003d ?","q_rationale":"1 + 3 \u003d 4","q_answer":"D","q_uid":"4463780089","course":"BSECE","subject":"Mathematics","topic":"Algebra","difficulty":"Easy","keywords":"Arithmetic, Algebra, Addition", "isPublished" : "true"},"2042384133":{"q_a":"R.A. 5273","q_b":"R.A.5372","q_c":"R.A. 5732","q_d":"R.A. 5327","q_question":"What law was repealed by R.A. 9292?","q_rationale":"qwerty","q_answer":"C","q_uid":"2042384133","course":"BSECE","subject":"General Engineering and Applied Sciences","topic":"Laws and Ethics","difficulty":"Easy","keywords":"Law", "isPublished" : "false"}}}